{
  "orders": [
    {
      "id": 3,
      "season": "SEASON1",
      "style": "BYR1-STL-100",
      "order_no": "BYR1-STL-100",
      "buyer": "Customer1",
      "quantity": 10000,
      "exfac_date": "2025-02-20",
      "owner": "mulgekalyan@gmail.com",
      "status": "PlanApproved"
    },
    {
      "id": 4,
      "season": "SEASON1",
      "style": "BYR4-STL1-001",
      "order_no": "BYR4-STL1-001",
      "buyer": "Customer4",
      "quantity": 10000,
      "exfac_date": "2025-02-23",
      "owner": "mulgekalyan@gmail.com",
      "status": "PlanApproved"
    },
    {
      "id": 22,
      "season": "SEASON 1",
      "style": "BYR-STL-102",
      "order_no": "BYR-STL-102",
      "buyer": "Customer1",
      "quantity": 20000,
      "exfac_date": "2025-03-21",
      "owner": "mulgekalyan@gmail.com",
      "status": "Pending"
    },
    {
      "id": 27,
      "season": "SEASON 2",
      "style": "BYR-STL-103",
      "order_no": "BYR-STL-103",
      "buyer": "Customer2",
      "quantity": 40000,
      "exfac_date": "2025-03-21",
      "owner": "pooja@gmail.com",
      "status": "Pending"
    },
    {
      "id": 28,
      "season": "SEASON 2",
      "style": "BYR-STL-104",
      "order_no": "BYR-STL-104",
      "buyer": "Customer2",
      "quantity": 50909,
      "exfac_date": "2025-03-11",
      "owner": "pooja@gmail.com",
      "status": "Pending"
    }
  ],
  "orderTracking": [
    {
      "ID": "Customer1-BYR-STL-102-Bom Gen",
      "OrderNo": "BYR-STL-102",
      "Customer": "Customer1",
      "OrderQty": 20000,
      "ExFacDate": "2025-03-21",
      "Milestone": "Bom Gen",
      "MilestonSeqNum": 2,
      "TaskDescription": "BOM Generation",
      "Leadtime": 89,
      "CalculatedDate": "2024-12-22",
      "ApprovedDate": "2024-12-22",
      "MilestoneDate": "2024-12-22",
      "Department": "Merchandiser",
      "Status": "Pending",
      "StatusCode": "",
      "DelayDays": 0,
      "DelayReason": "",
      "Createdate": "2025-03-10",
      "Owner": "mulgekalyan@gmail.com",
      "Stage": "",
      "ApprLeadTime": 89,
      "ApprDate": "2025-03-10",
      "SecondaryStatus": 0
    },
    {
      "ID": "Customer1-BYR-STL-102-CutStart",
      "OrderNo": "BYR-STL-102",
      "Customer": "Customer1",
      "OrderQty": 20000,
      "ExFacDate": "2025-03-21",
      "Milestone": "CutStart",
      "MilestonSeqNum": 11,
      "TaskDescription": "Cutting Start",
      "Leadtime": 26,
      "CalculatedDate": "2025-02-23",
      "ApprovedDate": "2025-02-23",
      "MilestoneDate": "2025-02-23",
      "Department": "Production",
      "Status": "Pending",
      "StatusCode": "",
      "DelayDays": 0,
      "DelayReason": "",
      "Createdate": "2025-03-10",
      "Owner": "mulgekalyan@gmail.com",
      "Stage": "",
      "ApprLeadTime": 26,
      "ApprDate": "2025-03-10",
      "SecondaryStatus": 0
    },
    {
      "ID": "Customer1-BYR-STL-102-CuttingEnd",
      "OrderNo": "BYR-STL-102",
      "Customer": "Customer1",
      "OrderQty": 20000,
      "ExFacDate": "2025-03-21",
      "Milestone": "CuttingEnd",
      "MilestonSeqNum": 12,
      "TaskDescription": "Cutting End",
      "Leadtime": 6,
      "CalculatedDate": "2025-03-15",
      "ApprovedDate": "2025-03-15",
      "MilestoneDate": "2025-03-15",
      "Department": "Production",
      "Status": "Pending",
      "StatusCode": "",
      "DelayDays": 0,
      "DelayReason": "",
      "Createdate": "2025-03-10",
      "Owner": "mulgekalyan@gmail.com",
      "Stage": "",
      "ApprLeadTime": 6,
      "ApprDate": "2025-03-10",
      "SecondaryStatus": 0
    },
    {
      "ID": "Customer1-BYR-STL-102-Ex-Factry",
      "OrderNo": "BYR-STL-102",
      "Customer": "Customer1",
      "OrderQty": 20000,
      "ExFacDate": "2025-03-21",
      "Milestone": "Ex-Factry",
      "MilestonSeqNum": 0,
      "TaskDescription": "Ex Factory",
      "Leadtime": 0,
      "CalculatedDate": "2025-03-21",
      "ApprovedDate": "2025-03-21",
      "MilestoneDate": "2025-03-21",
      "Department": "Merchandiser",
      "Status": "Pending",
      "StatusCode": "",
      "DelayDays": 0,
      "DelayReason": "",
      "Createdate": "2025-03-10",
      "Owner": "mulgekalyan@gmail.com",
      "Stage": "",
      "ApprLeadTime": 0,
      "ApprDate": "2025-03-10",
      "SecondaryStatus": 0
    },
    {
      "ID": "Customer1-BYR-STL-102-Fab Ord",
      "OrderNo": "BYR-STL-102",
      "Customer": "Customer1",
      "OrderQty": 20000,
      "ExFacDate": "2025-03-21",
      "Milestone": "Fab Ord",
      "MilestonSeqNum": 6,
      "TaskDescription": "Order Fabric",
      "Leadtime": 64,
      "CalculatedDate": "2025-01-16",
      "ApprovedDate": "2025-01-16",
      "MilestoneDate": "2025-01-16",
      "Department": "Fabric",
      "Status": "Pending",
      "StatusCode": "",
      "DelayDays": 0,
      "DelayReason": "",
      "Createdate": "2025-03-10",
      "Owner": "mulgekalyan@gmail.com",
      "Stage": "",
      "ApprLeadTime": 64,
      "ApprDate": "2025-03-10",
      "SecondaryStatus": 0
    },
    {
      "ID": "Customer1-BYR-STL-102-Fab Rcvd",
      "OrderNo": "BYR-STL-102",
      "Customer": "Customer1",
      "OrderQty": 20000,
      "ExFacDate": "2025-03-21",
      "Milestone": "Fab Rcvd",
      "MilestonSeqNum": 8,
      "TaskDescription": "Fabric Reciept",
      "Leadtime": 38,
      "CalculatedDate": "2025-02-11",
      "ApprovedDate": "2025-02-11",
      "MilestoneDate": "2025-02-11",
      "Department": "Fabric",
      "Status": "Pending",
      "StatusCode": "",
      "DelayDays": 0,
      "DelayReason": "",
      "Createdate": "2025-03-10",
      "Owner": "mulgekalyan@gmail.com",
      "Stage": "",
      "ApprLeadTime": 38,
      "ApprDate": "2025-03-10",
      "SecondaryStatus": 0
    },
    {
      "ID": "Customer1-BYR-STL-102-Inspection",
      "OrderNo": "BYR-STL-102",
      "Customer": "Customer1",
      "OrderQty": 20000,
      "ExFacDate": "2025-03-21",
      "Milestone": "Inspection",
      "MilestonSeqNum": 17,
      "TaskDescription": "Final Inspection",
      "Leadtime": 3,
      "CalculatedDate": "2025-03-18",
      "ApprovedDate": "2025-03-18",
      "MilestoneDate": "2025-03-18",
      "Department": "Quality",
      "Status": "Pending",
      "StatusCode": "",
      "DelayDays": 0,
      "DelayReason": "",
      "Createdate": "2025-03-10",
      "Owner": "mulgekalyan@gmail.com",
      "Stage": "",
      "ApprLeadTime": 3,
      "ApprDate": "2025-03-10",
      "SecondaryStatus": 0
    },
    {
      "ID": "Customer1-BYR-STL-102-Ord Rcvd",
      "OrderNo": "BYR-STL-102",
      "Customer": "Customer1",
      "OrderQty": 20000,
      "ExFacDate": "2025-03-21",
      "Milestone": "Ord Rcvd",
      "MilestonSeqNum": 1,
      "TaskDescription": "Order Reciept",
      "Leadtime": 92,
      "CalculatedDate": "2024-12-19",
      "ApprovedDate": "2024-12-19",
      "MilestoneDate": "2024-12-19",
      "Department": "Merchandiser",
      "Status": "Pending",
      "StatusCode": "",
      "DelayDays": 0,
      "DelayReason": "",
      "Createdate": "2025-03-10",
      "Owner": "mulgekalyan@gmail.com",
      "Stage": "",
      "ApprLeadTime": 92,
      "ApprDate": "2025-03-10",
      "SecondaryStatus": 0
    },
    {
      "ID": "Customer1-BYR-STL-102-PkngEnd",
      "OrderNo": "BYR-STL-102",
      "Customer": "Customer1",
      "OrderQty": 20000,
      "ExFacDate": "2025-03-21",
      "Milestone": "PkngEnd",
      "MilestonSeqNum": 16,
      "TaskDescription": "Packing End",
      "Leadtime": 4,
      "CalculatedDate": "2025-03-17",
      "ApprovedDate": "2025-03-17",
      "MilestoneDate": "2025-03-17",
      "Department": "Production",
      "Status": "Pending",
      "StatusCode": "",
      "DelayDays": 0,
      "DelayReason": "",
      "Createdate": "2025-03-10",
      "Owner": "mulgekalyan@gmail.com",
      "Stage": "",
      "ApprLeadTime": 4,
      "ApprDate": "2025-03-10",
      "SecondaryStatus": 0
    },
    {
      "ID": "Customer1-BYR-STL-102-PkngStart",
      "OrderNo": "BYR-STL-102",
      "Customer": "Customer1",
      "OrderQty": 20000,
      "ExFacDate": "2025-03-21",
      "Milestone": "PkngStart",
      "MilestonSeqNum": 15,
      "TaskDescription": "Packing Start",
      "Leadtime": 22,
      "CalculatedDate": "2025-02-27",
      "ApprovedDate": "2025-02-27",
      "MilestoneDate": "2025-02-27",
      "Department": "Production",
      "Status": "Pending",
      "StatusCode": "",
      "DelayDays": 0,
      "DelayReason": "",
      "Createdate": "2025-03-10",
      "Owner": "mulgekalyan@gmail.com",
      "Stage": "",
      "ApprLeadTime": 22,
      "ApprDate": "2025-03-10",
      "SecondaryStatus": 0
    },
    {
      "ID": "Customer1-BYR-STL-102-PP Mtg",
      "OrderNo": "BYR-STL-102",
      "Customer": "Customer1",
      "OrderQty": 20000,
      "ExFacDate": "2025-03-21",
      "Milestone": "PP Mtg",
      "MilestonSeqNum": 10,
      "TaskDescription": "PP Meeting",
      "Leadtime": 30,
      "CalculatedDate": "2025-02-19",
      "ApprovedDate": "2025-02-19",
      "MilestoneDate": "2025-02-19",
      "Department": "Merchandiser",
      "Status": "Pending",
      "StatusCode": "",
      "DelayDays": 0,
      "DelayReason": "",
      "Createdate": "2025-03-10",
      "Owner": "mulgekalyan@gmail.com",
      "Stage": "",
      "ApprLeadTime": 30,
      "ApprDate": "2025-03-10",
      "SecondaryStatus": 0
    },
    {
      "ID": "Customer1-BYR-STL-102-PP Smpl App",
      "OrderNo": "BYR-STL-102",
      "Customer": "Customer1",
      "OrderQty": 20000,
      "ExFacDate": "2025-03-21",
      "Milestone": "PP Smpl App",
      "MilestonSeqNum": 5,
      "TaskDescription": "PP Sample Approval",
      "Leadtime": 74,
      "CalculatedDate": "2025-01-06",
      "ApprovedDate": "2025-01-06",
      "MilestoneDate": "2025-01-06",
      "Department": "Sampling",
      "Status": "Pending",
      "StatusCode": "",
      "DelayDays": 0,
      "DelayReason": "",
      "Createdate": "2025-03-10",
      "Owner": "mulgekalyan@gmail.com",
      "Stage": "",
      "ApprLeadTime": 74,
      "ApprDate": "2025-03-10",
      "SecondaryStatus": 0
    },
    {
      "ID": "Customer1-BYR-STL-102-PP Smpl Cmp",
      "OrderNo": "BYR-STL-102",
      "Customer": "Customer1",
      "OrderQty": 20000,
      "ExFacDate": "2025-03-21",
      "Milestone": "PP Smpl Cmp",
      "MilestonSeqNum": 4,
      "TaskDescription": "PP Sample Completion",
      "Leadtime": 80,
      "CalculatedDate": "2024-12-31",
      "ApprovedDate": "2024-12-31",
      "MilestoneDate": "2024-12-31",
      "Department": "Sampling",
      "Status": "Pending",
      "StatusCode": "",
      "DelayDays": 0,
      "DelayReason": "",
      "Createdate": "2025-03-10",
      "Owner": "mulgekalyan@gmail.com",
      "Stage": "",
      "ApprLeadTime": 80,
      "ApprDate": "2025-03-10",
      "SecondaryStatus": 0
    },
    {
      "ID": "Customer1-BYR-STL-102-SizeSet App",
      "OrderNo": "BYR-STL-102",
      "Customer": "Customer1",
      "OrderQty": 20000,
      "ExFacDate": "2025-03-21",
      "Milestone": "SizeSet App",
      "MilestonSeqNum": 3,
      "TaskDescription": "Size Set Approval",
      "Leadtime": 84,
      "CalculatedDate": "2024-12-27",
      "ApprovedDate": "2024-12-27",
      "MilestoneDate": "2024-12-27",
      "Department": "Sampling",
      "Status": "Pending",
      "StatusCode": "",
      "DelayDays": 0,
      "DelayReason": "",
      "Createdate": "2025-03-10",
      "Owner": "mulgekalyan@gmail.com",
      "Stage": "",
      "ApprLeadTime": 84,
      "ApprDate": "2025-03-10",
      "SecondaryStatus": 0
    },
    {
      "ID": "Customer1-BYR-STL-102-StichEnd",
      "OrderNo": "BYR-STL-102",
      "Customer": "Customer1",
      "OrderQty": 20000,
      "ExFacDate": "2025-03-21",
      "Milestone": "StichEnd",
      "MilestonSeqNum": 14,
      "TaskDescription": "Sewing End",
      "Leadtime": 5,
      "CalculatedDate": "2025-03-16",
      "ApprovedDate": "2025-03-16",
      "MilestoneDate": "2025-03-16",
      "Department": "Production",
      "Status": "Pending",
      "StatusCode": "",
      "DelayDays": 0,
      "DelayReason": "",
      "Createdate": "2025-03-10",
      "Owner": "mulgekalyan@gmail.com",
      "Stage": "",
      "ApprLeadTime": 5,
      "ApprDate": "2025-03-10",
      "SecondaryStatus": 0
    },
    {
      "ID": "Customer1-BYR-STL-102-StichStart",
      "OrderNo": "BYR-STL-102",
      "Customer": "Customer1",
      "OrderQty": 20000,
      "ExFacDate": "2025-03-21",
      "Milestone": "StichStart",
      "MilestonSeqNum": 13,
      "TaskDescription": "Sewing Start",
      "Leadtime": 23,
      "CalculatedDate": "2025-02-26",
      "ApprovedDate": "2025-02-26",
      "MilestoneDate": "2025-02-26",
      "Department": "Production",
      "Status": "Pending",
      "StatusCode": "",
      "DelayDays": 0,
      "DelayReason": "",
      "Createdate": "2025-03-10",
      "Owner": "mulgekalyan@gmail.com",
      "Stage": "",
      "ApprLeadTime": 23,
      "ApprDate": "2025-03-10",
      "SecondaryStatus": 0
    },
    {
      "ID": "Customer1-BYR-STL-102-Trims Ord",
      "OrderNo": "BYR-STL-102",
      "Customer": "Customer1",
      "OrderQty": 20000,
      "ExFacDate": "2025-03-21",
      "Milestone": "Trims Ord",
      "MilestonSeqNum": 7,
      "TaskDescription": "Order Trims and Accessories",
      "Leadtime": 60,
      "CalculatedDate": "2025-01-20",
      "ApprovedDate": "2025-01-20",
      "MilestoneDate": "2025-01-20",
      "Department": "Fabric",
      "Status": "Pending",
      "StatusCode": "",
      "DelayDays": 0,
      "DelayReason": "",
      "Createdate": "2025-03-10",
      "Owner": "mulgekalyan@gmail.com",
      "Stage": "",
      "ApprLeadTime": 60,
      "ApprDate": "2025-03-10",
      "SecondaryStatus": 0
    },
    {
      "ID": "Customer1-BYR-STL-102-Trims Rcvd",
      "OrderNo": "BYR-STL-102",
      "Customer": "Customer1",
      "OrderQty": 20000,
      "ExFacDate": "2025-03-21",
      "Milestone": "Trims Rcvd",
      "MilestonSeqNum": 9,
      "TaskDescription": "Trims and Accessories Reciept",
      "Leadtime": 34,
      "CalculatedDate": "2025-02-15",
      "ApprovedDate": "2025-02-15",
      "MilestoneDate": "2025-02-15",
      "Department": "Fabric",
      "Status": "Pending",
      "StatusCode": "",
      "DelayDays": 0,
      "DelayReason": "",
      "Createdate": "2025-03-10",
      "Owner": "mulgekalyan@gmail.com",
      "Stage": "",
      "ApprLeadTime": 34,
      "ApprDate": "2025-03-10",
      "SecondaryStatus": 0
    },
    {
      "ID": "Customer1-BYR1-STL-100-Bom Gen",
      "OrderNo": "BYR1-STL-100",
      "Customer": "Customer1",
      "OrderQty": 10000,
      "ExFacDate": "2025-02-20",
      "Milestone": "Bom Gen",
      "MilestonSeqNum": 2,
      "TaskDescription": "BOM Generation",
      "Leadtime": 89,
      "CalculatedDate": "2024-11-23",
      "ApprovedDate": "2024-11-23",
      "MilestoneDate": "2024-11-23",
      "Department": "Merchandiser",
      "Status": "Pending",
      "StatusCode": "",
      "DelayDays": 0,
      "DelayReason": "",
      "Createdate": "2025-03-10",
      "Owner": "mulgekalyan@gmail.com",
      "Stage": "",
      "ApprLeadTime": 89,
      "ApprDate": "2025-03-10",
      "SecondaryStatus": 1
    },
    {
      "ID": "Customer1-BYR1-STL-100-CutStart",
      "OrderNo": "BYR1-STL-100",
      "Customer": "Customer1",
      "OrderQty": 10000,
      "ExFacDate": "2025-02-20",
      "Milestone": "CutStart",
      "MilestonSeqNum": 11,
      "TaskDescription": "Cutting Start",
      "Leadtime": 26,
      "CalculatedDate": "2025-01-25",
      "ApprovedDate": "2025-01-25",
      "MilestoneDate": "2025-01-25",
      "Department": "Production",
      "Status": "Pending",
      "StatusCode": "",
      "DelayDays": 0,
      "DelayReason": "",
      "Createdate": "2025-03-10",
      "Owner": "mulgekalyan@gmail.com",
      "Stage": "",
      "ApprLeadTime": 26,
      "ApprDate": "2025-03-10",
      "SecondaryStatus": 1
    },
    {
      "ID": "Customer1-BYR1-STL-100-CuttingEnd",
      "OrderNo": "BYR1-STL-100",
      "Customer": "Customer1",
      "OrderQty": 10000,
      "ExFacDate": "2025-02-20",
      "Milestone": "CuttingEnd",
      "MilestonSeqNum": 12,
      "TaskDescription": "Cutting End",
      "Leadtime": 6,
      "CalculatedDate": "2025-02-14",
      "ApprovedDate": "2025-02-14",
      "MilestoneDate": "2025-02-14",
      "Department": "Production",
      "Status": "Pending",
      "StatusCode": "",
      "DelayDays": 0,
      "DelayReason": "",
      "Createdate": "2025-03-10",
      "Owner": "mulgekalyan@gmail.com",
      "Stage": "",
      "ApprLeadTime": 6,
      "ApprDate": "2025-03-10",
      "SecondaryStatus": 1
    },
    {
      "ID": "Customer1-BYR1-STL-100-Ex-Factry",
      "OrderNo": "BYR1-STL-100",
      "Customer": "Customer1",
      "OrderQty": 10000,
      "ExFacDate": "2025-02-20",
      "Milestone": "Ex-Factry",
      "MilestonSeqNum": 0,
      "TaskDescription": "Ex Factory",
      "Leadtime": 0,
      "CalculatedDate": "2025-02-20",
      "ApprovedDate": "2025-02-20",
      "MilestoneDate": "2025-02-20",
      "Department": "Merchandiser",
      "Status": "Pending",
      "StatusCode": "",
      "DelayDays": 0,
      "DelayReason": "",
      "Createdate": "2025-03-10",
      "Owner": "mulgekalyan@gmail.com",
      "Stage": "",
      "ApprLeadTime": 0,
      "ApprDate": "2025-03-10",
      "SecondaryStatus": 1
    },
    {
      "ID": "Customer1-BYR1-STL-100-Fab Ord",
      "OrderNo": "BYR1-STL-100",
      "Customer": "Customer1",
      "OrderQty": 10000,
      "ExFacDate": "2025-02-20",
      "Milestone": "Fab Ord",
      "MilestonSeqNum": 6,
      "TaskDescription": "Order Fabric",
      "Leadtime": 64,
      "CalculatedDate": "2024-12-18",
      "ApprovedDate": "2024-12-18",
      "MilestoneDate": "2024-12-18",
      "Department": "Fabric",
      "Status": "Pending",
      "StatusCode": "",
      "DelayDays": 0,
      "DelayReason": "",
      "Createdate": "2025-03-10",
      "Owner": "mulgekalyan@gmail.com",
      "Stage": "",
      "ApprLeadTime": 64,
      "ApprDate": "2025-03-10",
      "SecondaryStatus": 1
    },
    {
      "ID": "Customer1-BYR1-STL-100-Fab Rcvd",
      "OrderNo": "BYR1-STL-100",
      "Customer": "Customer1",
      "OrderQty": 10000,
      "ExFacDate": "2025-02-20",
      "Milestone": "Fab Rcvd",
      "MilestonSeqNum": 8,
      "TaskDescription": "Fabric Reciept",
      "Leadtime": 38,
      "CalculatedDate": "2025-01-13",
      "ApprovedDate": "2025-01-13",
      "MilestoneDate": "2025-01-13",
      "Department": "Fabric",
      "Status": "Pending",
      "StatusCode": "",
      "DelayDays": 0,
      "DelayReason": "",
      "Createdate": "2025-03-10",
      "Owner": "mulgekalyan@gmail.com",
      "Stage": "",
      "ApprLeadTime": 38,
      "ApprDate": "2025-03-10",
      "SecondaryStatus": 1
    },
    {
      "ID": "Customer1-BYR1-STL-100-Inspection",
      "OrderNo": "BYR1-STL-100",
      "Customer": "Customer1",
      "OrderQty": 10000,
      "ExFacDate": "2025-02-20",
      "Milestone": "Inspection",
      "MilestonSeqNum": 17,
      "TaskDescription": "Final Inspection",
      "Leadtime": 3,
      "CalculatedDate": "2025-02-17",
      "ApprovedDate": "2025-02-17",
      "MilestoneDate": "2025-02-17",
      "Department": "Quality",
      "Status": "Pending",
      "StatusCode": "",
      "DelayDays": 0,
      "DelayReason": "",
      "Createdate": "2025-03-10",
      "Owner": "mulgekalyan@gmail.com",
      "Stage": "",
      "ApprLeadTime": 3,
      "ApprDate": "2025-03-10",
      "SecondaryStatus": 1
    },
    {
      "ID": "Customer1-BYR1-STL-100-Ord Rcvd",
      "OrderNo": "BYR1-STL-100",
      "Customer": "Customer1",
      "OrderQty": 10000,
      "ExFacDate": "2025-02-20",
      "Milestone": "Ord Rcvd",
      "MilestonSeqNum": 1,
      "TaskDescription": "Order Reciept",
      "Leadtime": 92,
      "CalculatedDate": "2024-11-20",
      "ApprovedDate": "2024-11-20",
      "MilestoneDate": "2024-11-20",
      "Department": "Merchandiser",
      "Status": "Pending",
      "StatusCode": "",
      "DelayDays": 0,
      "DelayReason": "",
      "Createdate": "2025-03-10",
      "Owner": "mulgekalyan@gmail.com",
      "Stage": "",
      "ApprLeadTime": 92,
      "ApprDate": "2025-03-10",
      "SecondaryStatus": 1
    },
    {
      "ID": "Customer1-BYR1-STL-100-PkngEnd",
      "OrderNo": "BYR1-STL-100",
      "Customer": "Customer1",
      "OrderQty": 10000,
      "ExFacDate": "2025-02-20",
      "Milestone": "PkngEnd",
      "MilestonSeqNum": 16,
      "TaskDescription": "Packing End",
      "Leadtime": 4,
      "CalculatedDate": "2025-02-16",
      "ApprovedDate": "2025-02-16",
      "MilestoneDate": "2025-02-16",
      "Department": "Production",
      "Status": "Pending",
      "StatusCode": "",
      "DelayDays": 0,
      "DelayReason": "",
      "Createdate": "2025-03-10",
      "Owner": "mulgekalyan@gmail.com",
      "Stage": "",
      "ApprLeadTime": 4,
      "ApprDate": "2025-03-10",
      "SecondaryStatus": 1
    },
    {
      "ID": "Customer1-BYR1-STL-100-PkngStart",
      "OrderNo": "BYR1-STL-100",
      "Customer": "Customer1",
      "OrderQty": 10000,
      "ExFacDate": "2025-02-20",
      "Milestone": "PkngStart",
      "MilestonSeqNum": 15,
      "TaskDescription": "Packing Start",
      "Leadtime": 22,
      "CalculatedDate": "2025-01-29",
      "ApprovedDate": "2025-01-29",
      "MilestoneDate": "2025-01-29",
      "Department": "Production",
      "Status": "Pending",
      "StatusCode": "",
      "DelayDays": 0,
      "DelayReason": "",
      "Createdate": "2025-03-10",
      "Owner": "mulgekalyan@gmail.com",
      "Stage": "",
      "ApprLeadTime": 22,
      "ApprDate": "2025-03-10",
      "SecondaryStatus": 1
    },
    {
      "ID": "Customer1-BYR1-STL-100-PP Mtg",
      "OrderNo": "BYR1-STL-100",
      "Customer": "Customer1",
      "OrderQty": 10000,
      "ExFacDate": "2025-02-20",
      "Milestone": "PP Mtg",
      "MilestonSeqNum": 10,
      "TaskDescription": "PP Meeting",
      "Leadtime": 30,
      "CalculatedDate": "2025-01-21",
      "ApprovedDate": "2025-01-21",
      "MilestoneDate": "2025-01-21",
      "Department": "Merchandiser",
      "Status": "Pending",
      "StatusCode": "",
      "DelayDays": 0,
      "DelayReason": "",
      "Createdate": "2025-03-10",
      "Owner": "mulgekalyan@gmail.com",
      "Stage": "",
      "ApprLeadTime": 30,
      "ApprDate": "2025-03-10",
      "SecondaryStatus": 1
    },
    {
      "ID": "Customer1-BYR1-STL-100-PP Smpl App",
      "OrderNo": "BYR1-STL-100",
      "Customer": "Customer1",
      "OrderQty": 10000,
      "ExFacDate": "2025-02-20",
      "Milestone": "PP Smpl App",
      "MilestonSeqNum": 5,
      "TaskDescription": "PP Sample Approval",
      "Leadtime": 74,
      "CalculatedDate": "2024-12-08",
      "ApprovedDate": "2024-12-08",
      "MilestoneDate": "2024-12-08",
      "Department": "Sampling",
      "Status": "Pending",
      "StatusCode": "",
      "DelayDays": 0,
      "DelayReason": "",
      "Createdate": "2025-03-10",
      "Owner": "mulgekalyan@gmail.com",
      "Stage": "",
      "ApprLeadTime": 74,
      "ApprDate": "2025-03-10",
      "SecondaryStatus": 1
    },
    {
      "ID": "Customer1-BYR1-STL-100-PP Smpl Cmp",
      "OrderNo": "BYR1-STL-100",
      "Customer": "Customer1",
      "OrderQty": 10000,
      "ExFacDate": "2025-02-20",
      "Milestone": "PP Smpl Cmp",
      "MilestonSeqNum": 4,
      "TaskDescription": "PP Sample Completion",
      "Leadtime": 80,
      "CalculatedDate": "2024-12-02",
      "ApprovedDate": "2024-12-02",
      "MilestoneDate": "2024-12-02",
      "Department": "Sampling",
      "Status": "Pending",
      "StatusCode": "",
      "DelayDays": 0,
      "DelayReason": "",
      "Createdate": "2025-03-10",
      "Owner": "mulgekalyan@gmail.com",
      "Stage": "",
      "ApprLeadTime": 80,
      "ApprDate": "2025-03-10",
      "SecondaryStatus": 1
    },
    {
      "ID": "Customer1-BYR1-STL-100-SizeSet App",
      "OrderNo": "BYR1-STL-100",
      "Customer": "Customer1",
      "OrderQty": 10000,
      "ExFacDate": "2025-02-20",
      "Milestone": "SizeSet App",
      "MilestonSeqNum": 3,
      "TaskDescription": "Size Set Approval",
      "Leadtime": 84,
      "CalculatedDate": "2024-11-28",
      "ApprovedDate": "2024-11-28",
      "MilestoneDate": "2024-11-28",
      "Department": "Sampling",
      "Status": "Pending",
      "StatusCode": "",
      "DelayDays": 0,
      "DelayReason": "",
      "Createdate": "2025-03-10",
      "Owner": "mulgekalyan@gmail.com",
      "Stage": "",
      "ApprLeadTime": 84,
      "ApprDate": "2025-03-10",
      "SecondaryStatus": 1
    },
    {
      "ID": "Customer1-BYR1-STL-100-StichEnd",
      "OrderNo": "BYR1-STL-100",
      "Customer": "Customer1",
      "OrderQty": 10000,
      "ExFacDate": "2025-02-20",
      "Milestone": "StichEnd",
      "MilestonSeqNum": 14,
      "TaskDescription": "Sewing End",
      "Leadtime": 5,
      "CalculatedDate": "2025-02-15",
      "ApprovedDate": "2025-02-15",
      "MilestoneDate": "2025-02-15",
      "Department": "Production",
      "Status": "Pending",
      "StatusCode": "",
      "DelayDays": 0,
      "DelayReason": "",
      "Createdate": "2025-03-10",
      "Owner": "mulgekalyan@gmail.com",
      "Stage": "",
      "ApprLeadTime": 5,
      "ApprDate": "2025-03-10",
      "SecondaryStatus": 1
    },
    {
      "ID": "Customer1-BYR1-STL-100-StichStart",
      "OrderNo": "BYR1-STL-100",
      "Customer": "Customer1",
      "OrderQty": 10000,
      "ExFacDate": "2025-02-20",
      "Milestone": "StichStart",
      "MilestonSeqNum": 13,
      "TaskDescription": "Sewing Start",
      "Leadtime": 23,
      "CalculatedDate": "2025-01-28",
      "ApprovedDate": "2025-01-28",
      "MilestoneDate": "2025-01-28",
      "Department": "Production",
      "Status": "Pending",
      "StatusCode": "",
      "DelayDays": 0,
      "DelayReason": "",
      "Createdate": "2025-03-10",
      "Owner": "mulgekalyan@gmail.com",
      "Stage": "",
      "ApprLeadTime": 23,
      "ApprDate": "2025-03-10",
      "SecondaryStatus": 1
    },
    {
      "ID": "Customer1-BYR1-STL-100-Trims Ord",
      "OrderNo": "BYR1-STL-100",
      "Customer": "Customer1",
      "OrderQty": 10000,
      "ExFacDate": "2025-02-20",
      "Milestone": "Trims Ord",
      "MilestonSeqNum": 7,
      "TaskDescription": "Order Trims and Accessories",
      "Leadtime": 60,
      "CalculatedDate": "2024-12-22",
      "ApprovedDate": "2024-12-22",
      "MilestoneDate": "2024-12-22",
      "Department": "Fabric",
      "Status": "Pending",
      "StatusCode": "",
      "DelayDays": 0,
      "DelayReason": "",
      "Createdate": "2025-03-10",
      "Owner": "mulgekalyan@gmail.com",
      "Stage": "",
      "ApprLeadTime": 60,
      "ApprDate": "2025-03-10",
      "SecondaryStatus": 1
    },
    {
      "ID": "Customer1-BYR1-STL-100-Trims Rcvd",
      "OrderNo": "BYR1-STL-100",
      "Customer": "Customer1",
      "OrderQty": 10000,
      "ExFacDate": "2025-02-20",
      "Milestone": "Trims Rcvd",
      "MilestonSeqNum": 9,
      "TaskDescription": "Trims and Accessories Reciept",
      "Leadtime": 34,
      "CalculatedDate": "2025-01-17",
      "ApprovedDate": "2025-01-17",
      "MilestoneDate": "2025-01-17",
      "Department": "Fabric",
      "Status": "Pending",
      "StatusCode": "",
      "DelayDays": 0,
      "DelayReason": "",
      "Createdate": "2025-03-10",
      "Owner": "mulgekalyan@gmail.com",
      "Stage": "",
      "ApprLeadTime": 34,
      "ApprDate": "2025-03-10",
      "SecondaryStatus": 1
    },
    {
      "ID": "Customer2-BYR-STL-103-Bom Gen",
      "OrderNo": "BYR-STL-103",
      "Customer": "Customer2",
      "OrderQty": 40000,
      "ExFacDate": "2025-03-21",
      "Milestone": "Bom Gen",
      "MilestonSeqNum": 2,
      "TaskDescription": "BOM Generation",
      "Leadtime": 89,
      "CalculatedDate": "2024-12-22",
      "ApprovedDate": "2024-12-22",
      "MilestoneDate": "2024-12-22",
      "Department": "Merchandiser",
      "Status": "Pending",
      "StatusCode": "",
      "DelayDays": 0,
      "DelayReason": "",
      "Createdate": "2025-03-10",
      "Owner": "pooja@gmail.com",
      "Stage": "",
      "ApprLeadTime": 89,
      "ApprDate": "2025-03-10",
      "SecondaryStatus": 1
    },
    {
      "ID": "Customer2-BYR-STL-103-CutStart",
      "OrderNo": "BYR-STL-103",
      "Customer": "Customer2",
      "OrderQty": 40000,
      "ExFacDate": "2025-03-21",
      "Milestone": "CutStart",
      "MilestonSeqNum": 11,
      "TaskDescription": "Cutting Start",
      "Leadtime": 26,
      "CalculatedDate": "2025-02-23",
      "ApprovedDate": "2025-02-23",
      "MilestoneDate": "2025-02-23",
      "Department": "Production",
      "Status": "Pending",
      "StatusCode": "",
      "DelayDays": 0,
      "DelayReason": "",
      "Createdate": "2025-03-10",
      "Owner": "pooja@gmail.com",
      "Stage": "",
      "ApprLeadTime": 26,
      "ApprDate": "2025-03-10",
      "SecondaryStatus": 1
    },
    {
      "ID": "Customer2-BYR-STL-103-CuttingEnd",
      "OrderNo": "BYR-STL-103",
      "Customer": "Customer2",
      "OrderQty": 40000,
      "ExFacDate": "2025-03-21",
      "Milestone": "CuttingEnd",
      "MilestonSeqNum": 12,
      "TaskDescription": "Cutting End",
      "Leadtime": 6,
      "CalculatedDate": "2025-03-15",
      "ApprovedDate": "2025-03-15",
      "MilestoneDate": "2025-03-15",
      "Department": "Production",
      "Status": "Pending",
      "StatusCode": "",
      "DelayDays": 0,
      "DelayReason": "",
      "Createdate": "2025-03-10",
      "Owner": "pooja@gmail.com",
      "Stage": "",
      "ApprLeadTime": 6,
      "ApprDate": "2025-03-10",
      "SecondaryStatus": 1
    },
    {
      "ID": "Customer2-BYR-STL-103-Ex-Factry",
      "OrderNo": "BYR-STL-103",
      "Customer": "Customer2",
      "OrderQty": 40000,
      "ExFacDate": "2025-03-21",
      "Milestone": "Ex-Factry",
      "MilestonSeqNum": 0,
      "TaskDescription": "Ex Factory",
      "Leadtime": 0,
      "CalculatedDate": "2025-03-21",
      "ApprovedDate": "2025-03-21",
      "MilestoneDate": "2025-03-21",
      "Department": "Merchandiser",
      "Status": "Pending",
      "StatusCode": "",
      "DelayDays": 0,
      "DelayReason": "",
      "Createdate": "2025-03-10",
      "Owner": "pooja@gmail.com",
      "Stage": "",
      "ApprLeadTime": 0,
      "ApprDate": "2025-03-10",
      "SecondaryStatus": 1
    },
    {
      "ID": "Customer2-BYR-STL-103-Fab Ord",
      "OrderNo": "BYR-STL-103",
      "Customer": "Customer2",
      "OrderQty": 40000,
      "ExFacDate": "2025-03-21",
      "Milestone": "Fab Ord",
      "MilestonSeqNum": 6,
      "TaskDescription": "Order Fabric",
      "Leadtime": 64,
      "CalculatedDate": "2025-01-16",
      "ApprovedDate": "2025-01-16",
      "MilestoneDate": "2025-01-16",
      "Department": "Fabric",
      "Status": "Pending",
      "StatusCode": "",
      "DelayDays": 0,
      "DelayReason": "",
      "Createdate": "2025-03-10",
      "Owner": "pooja@gmail.com",
      "Stage": "",
      "ApprLeadTime": 64,
      "ApprDate": "2025-03-10",
      "SecondaryStatus": 1
    },
    {
      "ID": "Customer2-BYR-STL-103-Fab Rcvd",
      "OrderNo": "BYR-STL-103",
      "Customer": "Customer2",
      "OrderQty": 40000,
      "ExFacDate": "2025-03-21",
      "Milestone": "Fab Rcvd",
      "MilestonSeqNum": 8,
      "TaskDescription": "Fabric Reciept",
      "Leadtime": 38,
      "CalculatedDate": "2025-02-11",
      "ApprovedDate": "2025-02-11",
      "MilestoneDate": "2025-02-11",
      "Department": "Fabric",
      "Status": "Pending",
      "StatusCode": "",
      "DelayDays": 0,
      "DelayReason": "",
      "Createdate": "2025-03-10",
      "Owner": "pooja@gmail.com",
      "Stage": "",
      "ApprLeadTime": 38,
      "ApprDate": "2025-03-10",
      "SecondaryStatus": 1
    },
    {
      "ID": "Customer2-BYR-STL-103-Inspection",
      "OrderNo": "BYR-STL-103",
      "Customer": "Customer2",
      "OrderQty": 40000,
      "ExFacDate": "2025-03-21",
      "Milestone": "Inspection",
      "MilestonSeqNum": 17,
      "TaskDescription": "Final Inspection",
      "Leadtime": 3,
      "CalculatedDate": "2025-03-18",
      "ApprovedDate": "2025-03-18",
      "MilestoneDate": "2025-03-18",
      "Department": "Quality",
      "Status": "Pending",
      "StatusCode": "",
      "DelayDays": 0,
      "DelayReason": "",
      "Createdate": "2025-03-10",
      "Owner": "pooja@gmail.com",
      "Stage": "",
      "ApprLeadTime": 3,
      "ApprDate": "2025-03-10",
      "SecondaryStatus": 1
    },
    {
      "ID": "Customer2-BYR-STL-103-Ord Rcvd",
      "OrderNo": "BYR-STL-103",
      "Customer": "Customer2",
      "OrderQty": 40000,
      "ExFacDate": "2025-03-21",
      "Milestone": "Ord Rcvd",
      "MilestonSeqNum": 1,
      "TaskDescription": "Order Reciept",
      "Leadtime": 92,
      "CalculatedDate": "2024-12-19",
      "ApprovedDate": "2024-12-19",
      "MilestoneDate": "2024-12-19",
      "Department": "Merchandiser",
      "Status": "Pending",
      "StatusCode": "",
      "DelayDays": 0,
      "DelayReason": "",
      "Createdate": "2025-03-10",
      "Owner": "pooja@gmail.com",
      "Stage": "",
      "ApprLeadTime": 92,
      "ApprDate": "2025-03-10",
      "SecondaryStatus": 1
    },
    {
      "ID": "Customer2-BYR-STL-103-PkngEnd",
      "OrderNo": "BYR-STL-103",
      "Customer": "Customer2",
      "OrderQty": 40000,
      "ExFacDate": "2025-03-21",
      "Milestone": "PkngEnd",
      "MilestonSeqNum": 16,
      "TaskDescription": "Packing End",
      "Leadtime": 4,
      "CalculatedDate": "2025-03-17",
      "ApprovedDate": "2025-03-17",
      "MilestoneDate": "2025-03-17",
      "Department": "Production",
      "Status": "Pending",
      "StatusCode": "",
      "DelayDays": 0,
      "DelayReason": "",
      "Createdate": "2025-03-10",
      "Owner": "pooja@gmail.com",
      "Stage": "",
      "ApprLeadTime": 4,
      "ApprDate": "2025-03-10",
      "SecondaryStatus": 1
    },
    {
      "ID": "Customer2-BYR-STL-103-PkngStart",
      "OrderNo": "BYR-STL-103",
      "Customer": "Customer2",
      "OrderQty": 40000,
      "ExFacDate": "2025-03-21",
      "Milestone": "PkngStart",
      "MilestonSeqNum": 15,
      "TaskDescription": "Packing Start",
      "Leadtime": 22,
      "CalculatedDate": "2025-02-27",
      "ApprovedDate": "2025-02-27",
      "MilestoneDate": "2025-02-27",
      "Department": "Production",
      "Status": "Pending",
      "StatusCode": "",
      "DelayDays": 0,
      "DelayReason": "",
      "Createdate": "2025-03-10",
      "Owner": "pooja@gmail.com",
      "Stage": "",
      "ApprLeadTime": 22,
      "ApprDate": "2025-03-10",
      "SecondaryStatus": 1
    },
    {
      "ID": "Customer2-BYR-STL-103-PP Mtg",
      "OrderNo": "BYR-STL-103",
      "Customer": "Customer2",
      "OrderQty": 40000,
      "ExFacDate": "2025-03-21",
      "Milestone": "PP Mtg",
      "MilestonSeqNum": 10,
      "TaskDescription": "PP Meeting",
      "Leadtime": 30,
      "CalculatedDate": "2025-02-19",
      "ApprovedDate": "2025-02-19",
      "MilestoneDate": "2025-02-19",
      "Department": "Merchandiser",
      "Status": "Pending",
      "StatusCode": "",
      "DelayDays": 0,
      "DelayReason": "",
      "Createdate": "2025-03-10",
      "Owner": "pooja@gmail.com",
      "Stage": "",
      "ApprLeadTime": 30,
      "ApprDate": "2025-03-10",
      "SecondaryStatus": 1
    },
    {
      "ID": "Customer2-BYR-STL-103-PP Smpl App",
      "OrderNo": "BYR-STL-103",
      "Customer": "Customer2",
      "OrderQty": 40000,
      "ExFacDate": "2025-03-21",
      "Milestone": "PP Smpl App",
      "MilestonSeqNum": 5,
      "TaskDescription": "PP Sample Approval",
      "Leadtime": 74,
      "CalculatedDate": "2025-01-06",
      "ApprovedDate": "2025-01-06",
      "MilestoneDate": "2025-01-06",
      "Department": "Sampling",
      "Status": "Pending",
      "StatusCode": "",
      "DelayDays": 0,
      "DelayReason": "",
      "Createdate": "2025-03-10",
      "Owner": "pooja@gmail.com",
      "Stage": "",
      "ApprLeadTime": 74,
      "ApprDate": "2025-03-10",
      "SecondaryStatus": 1
    },
    {
      "ID": "Customer2-BYR-STL-103-PP Smpl Cmp",
      "OrderNo": "BYR-STL-103",
      "Customer": "Customer2",
      "OrderQty": 40000,
      "ExFacDate": "2025-03-21",
      "Milestone": "PP Smpl Cmp",
      "MilestonSeqNum": 4,
      "TaskDescription": "PP Sample Completion",
      "Leadtime": 80,
      "CalculatedDate": "2024-12-31",
      "ApprovedDate": "2024-12-31",
      "MilestoneDate": "2024-12-31",
      "Department": "Sampling",
      "Status": "Pending",
      "StatusCode": "",
      "DelayDays": 0,
      "DelayReason": "",
      "Createdate": "2025-03-10",
      "Owner": "pooja@gmail.com",
      "Stage": "",
      "ApprLeadTime": 80,
      "ApprDate": "2025-03-10",
      "SecondaryStatus": 1
    },
    {
      "ID": "Customer2-BYR-STL-103-SizeSet App",
      "OrderNo": "BYR-STL-103",
      "Customer": "Customer2",
      "OrderQty": 40000,
      "ExFacDate": "2025-03-21",
      "Milestone": "SizeSet App",
      "MilestonSeqNum": 3,
      "TaskDescription": "Size Set Approval",
      "Leadtime": 84,
      "CalculatedDate": "2024-12-27",
      "ApprovedDate": "2024-12-27",
      "MilestoneDate": "2024-12-27",
      "Department": "Sampling",
      "Status": "Pending",
      "StatusCode": "",
      "DelayDays": 0,
      "DelayReason": "",
      "Createdate": "2025-03-10",
      "Owner": "pooja@gmail.com",
      "Stage": "",
      "ApprLeadTime": 84,
      "ApprDate": "2025-03-10",
      "SecondaryStatus": 1
    },
    {
      "ID": "Customer2-BYR-STL-103-StichEnd",
      "OrderNo": "BYR-STL-103",
      "Customer": "Customer2",
      "OrderQty": 40000,
      "ExFacDate": "2025-03-21",
      "Milestone": "StichEnd",
      "MilestonSeqNum": 14,
      "TaskDescription": "Sewing End",
      "Leadtime": 5,
      "CalculatedDate": "2025-03-16",
      "ApprovedDate": "2025-03-16",
      "MilestoneDate": "2025-03-16",
      "Department": "Production",
      "Status": "Pending",
      "StatusCode": "",
      "DelayDays": 0,
      "DelayReason": "",
      "Createdate": "2025-03-10",
      "Owner": "pooja@gmail.com",
      "Stage": "",
      "ApprLeadTime": 5,
      "ApprDate": "2025-03-10",
      "SecondaryStatus": 1
    },
    {
      "ID": "Customer2-BYR-STL-103-StichStart",
      "OrderNo": "BYR-STL-103",
      "Customer": "Customer2",
      "OrderQty": 40000,
      "ExFacDate": "2025-03-21",
      "Milestone": "StichStart",
      "MilestonSeqNum": 13,
      "TaskDescription": "Sewing Start",
      "Leadtime": 23,
      "CalculatedDate": "2025-02-26",
      "ApprovedDate": "2025-02-26",
      "MilestoneDate": "2025-02-26",
      "Department": "Production",
      "Status": "Pending",
      "StatusCode": "",
      "DelayDays": 0,
      "DelayReason": "",
      "Createdate": "2025-03-10",
      "Owner": "pooja@gmail.com",
      "Stage": "",
      "ApprLeadTime": 23,
      "ApprDate": "2025-03-10",
      "SecondaryStatus": 1
    },
    {
      "ID": "Customer2-BYR-STL-103-Trims Ord",
      "OrderNo": "BYR-STL-103",
      "Customer": "Customer2",
      "OrderQty": 40000,
      "ExFacDate": "2025-03-21",
      "Milestone": "Trims Ord",
      "MilestonSeqNum": 7,
      "TaskDescription": "Order Trims and Accessories",
      "Leadtime": 60,
      "CalculatedDate": "2025-01-20",
      "ApprovedDate": "2025-01-20",
      "MilestoneDate": "2025-01-20",
      "Department": "Fabric",
      "Status": "Pending",
      "StatusCode": "",
      "DelayDays": 0,
      "DelayReason": "",
      "Createdate": "2025-03-10",
      "Owner": "pooja@gmail.com",
      "Stage": "",
      "ApprLeadTime": 60,
      "ApprDate": "2025-03-10",
      "SecondaryStatus": 1
    },
    {
      "ID": "Customer2-BYR-STL-103-Trims Rcvd",
      "OrderNo": "BYR-STL-103",
      "Customer": "Customer2",
      "OrderQty": 40000,
      "ExFacDate": "2025-03-21",
      "Milestone": "Trims Rcvd",
      "MilestonSeqNum": 9,
      "TaskDescription": "Trims and Accessories Reciept",
      "Leadtime": 34,
      "CalculatedDate": "2025-02-15",
      "ApprovedDate": "2025-02-15",
      "MilestoneDate": "2025-02-15",
      "Department": "Fabric",
      "Status": "Pending",
      "StatusCode": "",
      "DelayDays": 0,
      "DelayReason": "",
      "Createdate": "2025-03-10",
      "Owner": "pooja@gmail.com",
      "Stage": "",
      "ApprLeadTime": 34,
      "ApprDate": "2025-03-10",
      "SecondaryStatus": 1
    },
    {
      "ID": "Customer2-BYR-STL-104-Bom Gen",
      "OrderNo": "BYR-STL-104",
      "Customer": "Customer2",
      "OrderQty": 50909,
      "ExFacDate": "2025-03-11",
      "Milestone": "Bom Gen",
      "MilestonSeqNum": 2,
      "TaskDescription": "BOM Generation",
      "Leadtime": 89,
      "CalculatedDate": "2024-12-12",
      "ApprovedDate": "2024-12-12",
      "MilestoneDate": "2024-12-12",
      "Department": "Merchandiser",
      "Status": "Pending",
      "StatusCode": "",
      "DelayDays": 0,
      "DelayReason": "",
      "Createdate": "2025-03-10",
      "Owner": "pooja@gmail.com",
      "Stage": "",
      "ApprLeadTime": 89,
      "ApprDate": "2025-03-10",
      "SecondaryStatus": 1
    },
    {
      "ID": "Customer2-BYR-STL-104-CutStart",
      "OrderNo": "BYR-STL-104",
      "Customer": "Customer2",
      "OrderQty": 50909,
      "ExFacDate": "2025-03-11",
      "Milestone": "CutStart",
      "MilestonSeqNum": 11,
      "TaskDescription": "Cutting Start",
      "Leadtime": 26,
      "CalculatedDate": "2025-02-13",
      "ApprovedDate": "2025-02-13",
      "MilestoneDate": "2025-02-13",
      "Department": "Production",
      "Status": "Pending",
      "StatusCode": "",
      "DelayDays": 0,
      "DelayReason": "",
      "Createdate": "2025-03-10",
      "Owner": "pooja@gmail.com",
      "Stage": "",
      "ApprLeadTime": 26,
      "ApprDate": "2025-03-10",
      "SecondaryStatus": 1
    },
    {
      "ID": "Customer2-BYR-STL-104-CuttingEnd",
      "OrderNo": "BYR-STL-104",
      "Customer": "Customer2",
      "OrderQty": 50909,
      "ExFacDate": "2025-03-11",
      "Milestone": "CuttingEnd",
      "MilestonSeqNum": 12,
      "TaskDescription": "Cutting End",
      "Leadtime": 6,
      "CalculatedDate": "2025-03-05",
      "ApprovedDate": "2025-03-05",
      "MilestoneDate": "2025-03-05",
      "Department": "Production",
      "Status": "Pending",
      "StatusCode": "",
      "DelayDays": 0,
      "DelayReason": "",
      "Createdate": "2025-03-10",
      "Owner": "pooja@gmail.com",
      "Stage": "",
      "ApprLeadTime": 6,
      "ApprDate": "2025-03-10",
      "SecondaryStatus": 1
    },
    {
      "ID": "Customer2-BYR-STL-104-Ex-Factry",
      "OrderNo": "BYR-STL-104",
      "Customer": "Customer2",
      "OrderQty": 50909,
      "ExFacDate": "2025-03-11",
      "Milestone": "Ex-Factry",
      "MilestonSeqNum": 0,
      "TaskDescription": "Ex Factory",
      "Leadtime": 0,
      "CalculatedDate": "2025-03-11",
      "ApprovedDate": "2025-03-11",
      "MilestoneDate": "2025-03-11",
      "Department": "Merchandiser",
      "Status": "Pending",
      "StatusCode": "",
      "DelayDays": 0,
      "DelayReason": "",
      "Createdate": "2025-03-10",
      "Owner": "pooja@gmail.com",
      "Stage": "",
      "ApprLeadTime": 0,
      "ApprDate": "2025-03-10",
      "SecondaryStatus": 1
    },
    {
      "ID": "Customer2-BYR-STL-104-Fab Ord",
      "OrderNo": "BYR-STL-104",
      "Customer": "Customer2",
      "OrderQty": 50909,
      "ExFacDate": "2025-03-11",
      "Milestone": "Fab Ord",
      "MilestonSeqNum": 6,
      "TaskDescription": "Order Fabric",
      "Leadtime": 64,
      "CalculatedDate": "2025-01-06",
      "ApprovedDate": "2025-01-06",
      "MilestoneDate": "2025-01-06",
      "Department": "Fabric",
      "Status": "Pending",
      "StatusCode": "",
      "DelayDays": 0,
      "DelayReason": "",
      "Createdate": "2025-03-10",
      "Owner": "pooja@gmail.com",
      "Stage": "",
      "ApprLeadTime": 64,
      "ApprDate": "2025-03-10",
      "SecondaryStatus": 1
    },
    {
      "ID": "Customer2-BYR-STL-104-Fab Rcvd",
      "OrderNo": "BYR-STL-104",
      "Customer": "Customer2",
      "OrderQty": 50909,
      "ExFacDate": "2025-03-11",
      "Milestone": "Fab Rcvd",
      "MilestonSeqNum": 8,
      "TaskDescription": "Fabric Reciept",
      "Leadtime": 38,
      "CalculatedDate": "2025-02-01",
      "ApprovedDate": "2025-02-01",
      "MilestoneDate": "2025-02-01",
      "Department": "Fabric",
      "Status": "Pending",
      "StatusCode": "",
      "DelayDays": 0,
      "DelayReason": "",
      "Createdate": "2025-03-10",
      "Owner": "pooja@gmail.com",
      "Stage": "",
      "ApprLeadTime": 38,
      "ApprDate": "2025-03-10",
      "SecondaryStatus": 1
    },
    {
      "ID": "Customer2-BYR-STL-104-Inspection",
      "OrderNo": "BYR-STL-104",
      "Customer": "Customer2",
      "OrderQty": 50909,
      "ExFacDate": "2025-03-11",
      "Milestone": "Inspection",
      "MilestonSeqNum": 17,
      "TaskDescription": "Final Inspection",
      "Leadtime": 3,
      "CalculatedDate": "2025-03-08",
      "ApprovedDate": "2025-03-08",
      "MilestoneDate": "2025-03-08",
      "Department": "Quality",
      "Status": "Pending",
      "StatusCode": "",
      "DelayDays": 0,
      "DelayReason": "",
      "Createdate": "2025-03-10",
      "Owner": "pooja@gmail.com",
      "Stage": "",
      "ApprLeadTime": 3,
      "ApprDate": "2025-03-10",
      "SecondaryStatus": 1
    },
    {
      "ID": "Customer2-BYR-STL-104-Ord Rcvd",
      "OrderNo": "BYR-STL-104",
      "Customer": "Customer2",
      "OrderQty": 50909,
      "ExFacDate": "2025-03-11",
      "Milestone": "Ord Rcvd",
      "MilestonSeqNum": 1,
      "TaskDescription": "Order Reciept",
      "Leadtime": 92,
      "CalculatedDate": "2024-12-09",
      "ApprovedDate": "2024-12-09",
      "MilestoneDate": "2024-12-09",
      "Department": "Merchandiser",
      "Status": "Pending",
      "StatusCode": "",
      "DelayDays": 0,
      "DelayReason": "",
      "Createdate": "2025-03-10",
      "Owner": "pooja@gmail.com",
      "Stage": "",
      "ApprLeadTime": 92,
      "ApprDate": "2025-03-10",
      "SecondaryStatus": 1
    },
    {
      "ID": "Customer2-BYR-STL-104-PkngEnd",
      "OrderNo": "BYR-STL-104",
      "Customer": "Customer2",
      "OrderQty": 50909,
      "ExFacDate": "2025-03-11",
      "Milestone": "PkngEnd",
      "MilestonSeqNum": 16,
      "TaskDescription": "Packing End",
      "Leadtime": 4,
      "CalculatedDate": "2025-03-07",
      "ApprovedDate": "2025-03-07",
      "MilestoneDate": "2025-03-07",
      "Department": "Production",
      "Status": "Pending",
      "StatusCode": "",
      "DelayDays": 0,
      "DelayReason": "",
      "Createdate": "2025-03-10",
      "Owner": "pooja@gmail.com",
      "Stage": "",
      "ApprLeadTime": 4,
      "ApprDate": "2025-03-10",
      "SecondaryStatus": 1
    },
    {
      "ID": "Customer2-BYR-STL-104-PkngStart",
      "OrderNo": "BYR-STL-104",
      "Customer": "Customer2",
      "OrderQty": 50909,
      "ExFacDate": "2025-03-11",
      "Milestone": "PkngStart",
      "MilestonSeqNum": 15,
      "TaskDescription": "Packing Start",
      "Leadtime": 22,
      "CalculatedDate": "2025-02-17",
      "ApprovedDate": "2025-02-17",
      "MilestoneDate": "2025-02-17",
      "Department": "Production",
      "Status": "Pending",
      "StatusCode": "",
      "DelayDays": 0,
      "DelayReason": "",
      "Createdate": "2025-03-10",
      "Owner": "pooja@gmail.com",
      "Stage": "",
      "ApprLeadTime": 22,
      "ApprDate": "2025-03-10",
      "SecondaryStatus": 1
    },
    {
      "ID": "Customer2-BYR-STL-104-PP Mtg",
      "OrderNo": "BYR-STL-104",
      "Customer": "Customer2",
      "OrderQty": 50909,
      "ExFacDate": "2025-03-11",
      "Milestone": "PP Mtg",
      "MilestonSeqNum": 10,
      "TaskDescription": "PP Meeting",
      "Leadtime": 30,
      "CalculatedDate": "2025-02-09",
      "ApprovedDate": "2025-02-09",
      "MilestoneDate": "2025-02-09",
      "Department": "Merchandiser",
      "Status": "Pending",
      "StatusCode": "",
      "DelayDays": 0,
      "DelayReason": "",
      "Createdate": "2025-03-10",
      "Owner": "pooja@gmail.com",
      "Stage": "",
      "ApprLeadTime": 30,
      "ApprDate": "2025-03-10",
      "SecondaryStatus": 1
    },
    {
      "ID": "Customer2-BYR-STL-104-PP Smpl App",
      "OrderNo": "BYR-STL-104",
      "Customer": "Customer2",
      "OrderQty": 50909,
      "ExFacDate": "2025-03-11",
      "Milestone": "PP Smpl App",
      "MilestonSeqNum": 5,
      "TaskDescription": "PP Sample Approval",
      "Leadtime": 74,
      "CalculatedDate": "2024-12-27",
      "ApprovedDate": "2024-12-27",
      "MilestoneDate": "2024-12-27",
      "Department": "Sampling",
      "Status": "Pending",
      "StatusCode": "",
      "DelayDays": 0,
      "DelayReason": "",
      "Createdate": "2025-03-10",
      "Owner": "pooja@gmail.com",
      "Stage": "",
      "ApprLeadTime": 74,
      "ApprDate": "2025-03-10",
      "SecondaryStatus": 1
    },
    {
      "ID": "Customer2-BYR-STL-104-PP Smpl Cmp",
      "OrderNo": "BYR-STL-104",
      "Customer": "Customer2",
      "OrderQty": 50909,
      "ExFacDate": "2025-03-11",
      "Milestone": "PP Smpl Cmp",
      "MilestonSeqNum": 4,
      "TaskDescription": "PP Sample Completion",
      "Leadtime": 80,
      "CalculatedDate": "2024-12-21",
      "ApprovedDate": "2024-12-21",
      "MilestoneDate": "2024-12-21",
      "Department": "Sampling",
      "Status": "Pending",
      "StatusCode": "",
      "DelayDays": 0,
      "DelayReason": "",
      "Createdate": "2025-03-10",
      "Owner": "pooja@gmail.com",
      "Stage": "",
      "ApprLeadTime": 80,
      "ApprDate": "2025-03-10",
      "SecondaryStatus": 1
    },
    {
      "ID": "Customer2-BYR-STL-104-SizeSet App",
      "OrderNo": "BYR-STL-104",
      "Customer": "Customer2",
      "OrderQty": 50909,
      "ExFacDate": "2025-03-11",
      "Milestone": "SizeSet App",
      "MilestonSeqNum": 3,
      "TaskDescription": "Size Set Approval",
      "Leadtime": 84,
      "CalculatedDate": "2024-12-17",
      "ApprovedDate": "2024-12-17",
      "MilestoneDate": "2024-12-17",
      "Department": "Sampling",
      "Status": "Pending",
      "StatusCode": "",
      "DelayDays": 0,
      "DelayReason": "",
      "Createdate": "2025-03-10",
      "Owner": "pooja@gmail.com",
      "Stage": "",
      "ApprLeadTime": 84,
      "ApprDate": "2025-03-10",
      "SecondaryStatus": 1
    },
    {
      "ID": "Customer2-BYR-STL-104-StichEnd",
      "OrderNo": "BYR-STL-104",
      "Customer": "Customer2",
      "OrderQty": 50909,
      "ExFacDate": "2025-03-11",
      "Milestone": "StichEnd",
      "MilestonSeqNum": 14,
      "TaskDescription": "Sewing End",
      "Leadtime": 5,
      "CalculatedDate": "2025-03-06",
      "ApprovedDate": "2025-03-06",
      "MilestoneDate": "2025-03-06",
      "Department": "Production",
      "Status": "Pending",
      "StatusCode": "",
      "DelayDays": 0,
      "DelayReason": "",
      "Createdate": "2025-03-10",
      "Owner": "pooja@gmail.com",
      "Stage": "",
      "ApprLeadTime": 5,
      "ApprDate": "2025-03-10",
      "SecondaryStatus": 1
    },
    {
      "ID": "Customer2-BYR-STL-104-StichStart",
      "OrderNo": "BYR-STL-104",
      "Customer": "Customer2",
      "OrderQty": 50909,
      "ExFacDate": "2025-03-11",
      "Milestone": "StichStart",
      "MilestonSeqNum": 13,
      "TaskDescription": "Sewing Start",
      "Leadtime": 23,
      "CalculatedDate": "2025-02-16",
      "ApprovedDate": "2025-02-16",
      "MilestoneDate": "2025-02-16",
      "Department": "Production",
      "Status": "Pending",
      "StatusCode": "",
      "DelayDays": 0,
      "DelayReason": "",
      "Createdate": "2025-03-10",
      "Owner": "pooja@gmail.com",
      "Stage": "",
      "ApprLeadTime": 23,
      "ApprDate": "2025-03-10",
      "SecondaryStatus": 1
    },
    {
      "ID": "Customer2-BYR-STL-104-Trims Ord",
      "OrderNo": "BYR-STL-104",
      "Customer": "Customer2",
      "OrderQty": 50909,
      "ExFacDate": "2025-03-11",
      "Milestone": "Trims Ord",
      "MilestonSeqNum": 7,
      "TaskDescription": "Order Trims and Accessories",
      "Leadtime": 60,
      "CalculatedDate": "2025-01-10",
      "ApprovedDate": "2025-01-10",
      "MilestoneDate": "2025-01-10",
      "Department": "Fabric",
      "Status": "Pending",
      "StatusCode": "",
      "DelayDays": 0,
      "DelayReason": "",
      "Createdate": "2025-03-10",
      "Owner": "pooja@gmail.com",
      "Stage": "",
      "ApprLeadTime": 60,
      "ApprDate": "2025-03-10",
      "SecondaryStatus": 1
    },
    {
      "ID": "Customer2-BYR-STL-104-Trims Rcvd",
      "OrderNo": "BYR-STL-104",
      "Customer": "Customer2",
      "OrderQty": 50909,
      "ExFacDate": "2025-03-11",
      "Milestone": "Trims Rcvd",
      "MilestonSeqNum": 9,
      "TaskDescription": "Trims and Accessories Reciept",
      "Leadtime": 34,
      "CalculatedDate": "2025-02-05",
      "ApprovedDate": "2025-02-05",
      "MilestoneDate": "2025-02-05",
      "Department": "Fabric",
      "Status": "Pending",
      "StatusCode": "",
      "DelayDays": 0,
      "DelayReason": "",
      "Createdate": "2025-03-10",
      "Owner": "pooja@gmail.com",
      "Stage": "",
      "ApprLeadTime": 34,
      "ApprDate": "2025-03-10",
      "SecondaryStatus": 1
    },
    {
      "ID": "Customer4-BYR4-STL1-001-Bom Gen",
      "OrderNo": "BYR4-STL1-001",
      "Customer": "Customer4",
      "OrderQty": 10000,
      "ExFacDate": "2025-02-23",
      "Milestone": "Bom Gen",
      "MilestonSeqNum": 2,
      "TaskDescription": "BOM Generation",
      "Leadtime": 89,
      "CalculatedDate": "2024-11-26",
      "ApprovedDate": "2024-11-26",
      "MilestoneDate": "2024-11-26",
      "Department": "Merchandiser",
      "Status": "Pending",
      "StatusCode": "",
      "DelayDays": 0,
      "DelayReason": "",
      "Createdate": "2025-03-10",
      "Owner": "mulgekalyan@gmail.com",
      "Stage": "",
      "ApprLeadTime": 89,
      "ApprDate": "2025-03-10",
      "SecondaryStatus": 0
    },
    {
      "ID": "Customer4-BYR4-STL1-001-CutStart",
      "OrderNo": "BYR4-STL1-001",
      "Customer": "Customer4",
      "OrderQty": 10000,
      "ExFacDate": "2025-02-23",
      "Milestone": "CutStart",
      "MilestonSeqNum": 11,
      "TaskDescription": "Cutting Start",
      "Leadtime": 26,
      "CalculatedDate": "2025-01-28",
      "ApprovedDate": "2025-01-28",
      "MilestoneDate": "2025-01-28",
      "Department": "Production",
      "Status": "Pending",
      "StatusCode": "",
      "DelayDays": 0,
      "DelayReason": "",
      "Createdate": "2025-03-10",
      "Owner": "mulgekalyan@gmail.com",
      "Stage": "",
      "ApprLeadTime": 26,
      "ApprDate": "2025-03-10",
      "SecondaryStatus": 0
    },
    {
      "ID": "Customer4-BYR4-STL1-001-CuttingEnd",
      "OrderNo": "BYR4-STL1-001",
      "Customer": "Customer4",
      "OrderQty": 10000,
      "ExFacDate": "2025-02-23",
      "Milestone": "CuttingEnd",
      "MilestonSeqNum": 12,
      "TaskDescription": "Cutting End",
      "Leadtime": 6,
      "CalculatedDate": "2025-02-17",
      "ApprovedDate": "2025-02-17",
      "MilestoneDate": "2025-02-17",
      "Department": "Production",
      "Status": "Pending",
      "StatusCode": "",
      "DelayDays": 0,
      "DelayReason": "",
      "Createdate": "2025-03-10",
      "Owner": "mulgekalyan@gmail.com",
      "Stage": "",
      "ApprLeadTime": 6,
      "ApprDate": "2025-03-10",
      "SecondaryStatus": 0
    },
    {
      "ID": "Customer4-BYR4-STL1-001-Ex-Factry",
      "OrderNo": "BYR4-STL1-001",
      "Customer": "Customer4",
      "OrderQty": 10000,
      "ExFacDate": "2025-02-23",
      "Milestone": "Ex-Factry",
      "MilestonSeqNum": 0,
      "TaskDescription": "Ex Factory",
      "Leadtime": 0,
      "CalculatedDate": "2025-02-23",
      "ApprovedDate": "2025-02-23",
      "MilestoneDate": "2025-02-23",
      "Department": "Merchandiser",
      "Status": "Pending",
      "StatusCode": "",
      "DelayDays": 0,
      "DelayReason": "",
      "Createdate": "2025-03-10",
      "Owner": "mulgekalyan@gmail.com",
      "Stage": "",
      "ApprLeadTime": 0,
      "ApprDate": "2025-03-10",
      "SecondaryStatus": 1
    },
    {
      "ID": "Customer4-BYR4-STL1-001-Fab Ord",
      "OrderNo": "BYR4-STL1-001",
      "Customer": "Customer4",
      "OrderQty": 10000,
      "ExFacDate": "2025-02-23",
      "Milestone": "Fab Ord",
      "MilestonSeqNum": 6,
      "TaskDescription": "Order Fabric",
      "Leadtime": 64,
      "CalculatedDate": "2024-12-21",
      "ApprovedDate": "2024-12-21",
      "MilestoneDate": "2024-12-21",
      "Department": "Fabric",
      "Status": "Pending",
      "StatusCode": "",
      "DelayDays": 0,
      "DelayReason": "",
      "Createdate": "2025-03-10",
      "Owner": "mulgekalyan@gmail.com",
      "Stage": "",
      "ApprLeadTime": 64,
      "ApprDate": "2025-03-10",
      "SecondaryStatus": 1
    },
    {
      "ID": "Customer4-BYR4-STL1-001-Fab Rcvd",
      "OrderNo": "BYR4-STL1-001",
      "Customer": "Customer4",
      "OrderQty": 10000,
      "ExFacDate": "2025-02-23",
      "Milestone": "Fab Rcvd",
      "MilestonSeqNum": 8,
      "TaskDescription": "Fabric Reciept",
      "Leadtime": 38,
      "CalculatedDate": "2025-01-16",
      "ApprovedDate": "2025-01-16",
      "MilestoneDate": "2025-01-16",
      "Department": "Fabric",
      "Status": "Pending",
      "StatusCode": "",
      "DelayDays": 0,
      "DelayReason": "",
      "Createdate": "2025-03-10",
      "Owner": "mulgekalyan@gmail.com",
      "Stage": "",
      "ApprLeadTime": 38,
      "ApprDate": "2025-03-10",
      "SecondaryStatus": 1
    },
    {
      "ID": "Customer4-BYR4-STL1-001-Inspection",
      "OrderNo": "BYR4-STL1-001",
      "Customer": "Customer4",
      "OrderQty": 10000,
      "ExFacDate": "2025-02-23",
      "Milestone": "Inspection",
      "MilestonSeqNum": 17,
      "TaskDescription": "Final Inspection",
      "Leadtime": 3,
      "CalculatedDate": "2025-02-20",
      "ApprovedDate": "2025-02-20",
      "MilestoneDate": "2025-02-20",
      "Department": "Quality",
      "Status": "Pending",
      "StatusCode": "",
      "DelayDays": 0,
      "DelayReason": "",
      "Createdate": "2025-03-10",
      "Owner": "mulgekalyan@gmail.com",
      "Stage": "",
      "ApprLeadTime": 3,
      "ApprDate": "2025-03-10",
      "SecondaryStatus": 1
    },
    {
      "ID": "Customer4-BYR4-STL1-001-Ord Rcvd",
      "OrderNo": "BYR4-STL1-001",
      "Customer": "Customer4",
      "OrderQty": 10000,
      "ExFacDate": "2025-02-23",
      "Milestone": "Ord Rcvd",
      "MilestonSeqNum": 1,
      "TaskDescription": "Order Reciept",
      "Leadtime": 92,
      "CalculatedDate": "2024-11-23",
      "ApprovedDate": "2024-11-23",
      "MilestoneDate": "2024-11-23",
      "Department": "Merchandiser",
      "Status": "Pending",
      "StatusCode": "",
      "DelayDays": 0,
      "DelayReason": "",
      "Createdate": "2025-03-10",
      "Owner": "mulgekalyan@gmail.com",
      "Stage": "",
      "ApprLeadTime": 92,
      "ApprDate": "2025-03-10",
      "SecondaryStatus": 1
    },
    {
      "ID": "Customer4-BYR4-STL1-001-PkngEnd",
      "OrderNo": "BYR4-STL1-001",
      "Customer": "Customer4",
      "OrderQty": 10000,
      "ExFacDate": "2025-02-23",
      "Milestone": "PkngEnd",
      "MilestonSeqNum": 16,
      "TaskDescription": "Packing End",
      "Leadtime": 4,
      "CalculatedDate": "2025-02-19",
      "ApprovedDate": "2025-02-19",
      "MilestoneDate": "2025-02-19",
      "Department": "Production",
      "Status": "Pending",
      "StatusCode": "",
      "DelayDays": 0,
      "DelayReason": "",
      "Createdate": "2025-03-10",
      "Owner": "mulgekalyan@gmail.com",
      "Stage": "",
      "ApprLeadTime": 4,
      "ApprDate": "2025-03-10",
      "SecondaryStatus": 1
    },
    {
      "ID": "Customer4-BYR4-STL1-001-PkngStart",
      "OrderNo": "BYR4-STL1-001",
      "Customer": "Customer4",
      "OrderQty": 10000,
      "ExFacDate": "2025-02-23",
      "Milestone": "PkngStart",
      "MilestonSeqNum": 15,
      "TaskDescription": "Packing Start",
      "Leadtime": 22,
      "CalculatedDate": "2025-02-01",
      "ApprovedDate": "2025-02-01",
      "MilestoneDate": "2025-02-01",
      "Department": "Production",
      "Status": "Pending",
      "StatusCode": "",
      "DelayDays": 0,
      "DelayReason": "",
      "Createdate": "2025-03-10",
      "Owner": "mulgekalyan@gmail.com",
      "Stage": "",
      "ApprLeadTime": 22,
      "ApprDate": "2025-03-10",
      "SecondaryStatus": 1
    },
    {
      "ID": "Customer4-BYR4-STL1-001-PP Mtg",
      "OrderNo": "BYR4-STL1-001",
      "Customer": "Customer4",
      "OrderQty": 10000,
      "ExFacDate": "2025-02-23",
      "Milestone": "PP Mtg",
      "MilestonSeqNum": 10,
      "TaskDescription": "PP Meeting",
      "Leadtime": 30,
      "CalculatedDate": "2025-01-24",
      "ApprovedDate": "2025-01-24",
      "MilestoneDate": "2025-01-24",
      "Department": "Merchandiser",
      "Status": "Pending",
      "StatusCode": "",
      "DelayDays": 0,
      "DelayReason": "",
      "Createdate": "2025-03-10",
      "Owner": "mulgekalyan@gmail.com",
      "Stage": "",
      "ApprLeadTime": 30,
      "ApprDate": "2025-03-10",
      "SecondaryStatus": 1
    },
    {
      "ID": "Customer4-BYR4-STL1-001-PP Smpl App",
      "OrderNo": "BYR4-STL1-001",
      "Customer": "Customer4",
      "OrderQty": 10000,
      "ExFacDate": "2025-02-23",
      "Milestone": "PP Smpl App",
      "MilestonSeqNum": 5,
      "TaskDescription": "PP Sample Approval",
      "Leadtime": 74,
      "CalculatedDate": "2024-12-11",
      "ApprovedDate": "2024-12-11",
      "MilestoneDate": "2024-12-11",
      "Department": "Sampling",
      "Status": "Pending",
      "StatusCode": "",
      "DelayDays": 0,
      "DelayReason": "",
      "Createdate": "2025-03-10",
      "Owner": "mulgekalyan@gmail.com",
      "Stage": "",
      "ApprLeadTime": 74,
      "ApprDate": "2025-03-10",
      "SecondaryStatus": 1
    },
    {
      "ID": "Customer4-BYR4-STL1-001-PP Smpl Cmp",
      "OrderNo": "BYR4-STL1-001",
      "Customer": "Customer4",
      "OrderQty": 10000,
      "ExFacDate": "2025-02-23",
      "Milestone": "PP Smpl Cmp",
      "MilestonSeqNum": 4,
      "TaskDescription": "PP Sample Completion",
      "Leadtime": 80,
      "CalculatedDate": "2024-12-05",
      "ApprovedDate": "2024-12-05",
      "MilestoneDate": "2024-12-05",
      "Department": "Sampling",
      "Status": "Pending",
      "StatusCode": "",
      "DelayDays": 0,
      "DelayReason": "",
      "Createdate": "2025-03-10",
      "Owner": "mulgekalyan@gmail.com",
      "Stage": "",
      "ApprLeadTime": 80,
      "ApprDate": "2025-03-10",
      "SecondaryStatus": 1
    },
    {
      "ID": "Customer4-BYR4-STL1-001-SizeSet App",
      "OrderNo": "BYR4-STL1-001",
      "Customer": "Customer4",
      "OrderQty": 10000,
      "ExFacDate": "2025-02-23",
      "Milestone": "SizeSet App",
      "MilestonSeqNum": 3,
      "TaskDescription": "Size Set Approval",
      "Leadtime": 84,
      "CalculatedDate": "2024-12-01",
      "ApprovedDate": "2024-12-01",
      "MilestoneDate": "2024-12-01",
      "Department": "Sampling",
      "Status": "Pending",
      "StatusCode": "",
      "DelayDays": 0,
      "DelayReason": "",
      "Createdate": "2025-03-10",
      "Owner": "mulgekalyan@gmail.com",
      "Stage": "",
      "ApprLeadTime": 84,
      "ApprDate": "2025-03-10",
      "SecondaryStatus": 1
    },
    {
      "ID": "Customer4-BYR4-STL1-001-StichEnd",
      "OrderNo": "BYR4-STL1-001",
      "Customer": "Customer4",
      "OrderQty": 10000,
      "ExFacDate": "2025-02-23",
      "Milestone": "StichEnd",
      "MilestonSeqNum": 14,
      "TaskDescription": "Sewing End",
      "Leadtime": 5,
      "CalculatedDate": "2025-02-18",
      "ApprovedDate": "2025-02-18",
      "MilestoneDate": "2025-02-18",
      "Department": "Production",
      "Status": "Pending",
      "StatusCode": "",
      "DelayDays": 0,
      "DelayReason": "",
      "Createdate": "2025-03-10",
      "Owner": "mulgekalyan@gmail.com",
      "Stage": "",
      "ApprLeadTime": 5,
      "ApprDate": "2025-03-10",
      "SecondaryStatus": 1
    },
    {
      "ID": "Customer4-BYR4-STL1-001-StichStart",
      "OrderNo": "BYR4-STL1-001",
      "Customer": "Customer4",
      "OrderQty": 10000,
      "ExFacDate": "2025-02-23",
      "Milestone": "StichStart",
      "MilestonSeqNum": 13,
      "TaskDescription": "Sewing Start",
      "Leadtime": 23,
      "CalculatedDate": "2025-01-31",
      "ApprovedDate": "2025-01-31",
      "MilestoneDate": "2025-01-31",
      "Department": "Production",
      "Status": "Pending",
      "StatusCode": "",
      "DelayDays": 0,
      "DelayReason": "",
      "Createdate": "2025-03-10",
      "Owner": "mulgekalyan@gmail.com",
      "Stage": "",
      "ApprLeadTime": 23,
      "ApprDate": "2025-03-10",
      "SecondaryStatus": 1
    },
    {
      "ID": "Customer4-BYR4-STL1-001-Trims Ord",
      "OrderNo": "BYR4-STL1-001",
      "Customer": "Customer4",
      "OrderQty": 10000,
      "ExFacDate": "2025-02-23",
      "Milestone": "Trims Ord",
      "MilestonSeqNum": 7,
      "TaskDescription": "Order Trims and Accessories",
      "Leadtime": 60,
      "CalculatedDate": "2024-12-25",
      "ApprovedDate": "2024-12-25",
      "MilestoneDate": "2024-12-25",
      "Department": "Fabric",
      "Status": "Pending",
      "StatusCode": "",
      "DelayDays": 0,
      "DelayReason": "",
      "Createdate": "2025-03-10",
      "Owner": "mulgekalyan@gmail.com",
      "Stage": "",
      "ApprLeadTime": 60,
      "ApprDate": "2025-03-10",
      "SecondaryStatus": 1
    },
    {
      "ID": "Customer4-BYR4-STL1-001-Trims Rcvd",
      "OrderNo": "BYR4-STL1-001",
      "Customer": "Customer4",
      "OrderQty": 10000,
      "ExFacDate": "2025-02-23",
      "Milestone": "Trims Rcvd",
      "MilestonSeqNum": 9,
      "TaskDescription": "Trims and Accessories Reciept",
      "Leadtime": 34,
      "CalculatedDate": "2025-01-20",
      "ApprovedDate": "2025-01-20",
      "MilestoneDate": "2025-01-20",
      "Department": "Fabric",
      "Status": "Pending",
      "StatusCode": "",
      "DelayDays": 0,
      "DelayReason": "",
      "Createdate": "2025-03-10",
      "Owner": "mulgekalyan@gmail.com",
      "Stage": "",
      "ApprLeadTime": 34,
      "ApprDate": "2025-03-10",
      "SecondaryStatus": 1
    }
  ],
  "milestones": [
    {
      "MilestoneID": "Milestone1",
      "MilestonSeqNum": 0,
      "Customer": "Customer1",
      "Milestone": "Ex-Factry",
      "TaskDescription": "Ex Factory",
      "Leadtime": 0,
      "WashLT": 0,
      "Department": "Merchandiser"
    },
    {
      "MilestoneID": "Milestone10",
      "MilestonSeqNum": 9,
      "Customer": "Customer1",
      "Milestone": "Trims Rcvd",
      "TaskDescription": "Trims and Accessories Reciept",
      "Leadtime": 34,
      "WashLT": 34,
      "Department": "Fabric"
    },
    {
      "MilestoneID": "Milestone11",
      "MilestonSeqNum": 10,
      "Customer": "Customer1",
      "Milestone": "PP Mtg",
      "TaskDescription": "PP Meeting",
      "Leadtime": 30,
      "WashLT": 30,
      "Department": "Merchandiser"
    },
    {
      "MilestoneID": "Milestone12",
      "MilestonSeqNum": 11,
      "Customer": "Customer1",
      "Milestone": "CutStart",
      "TaskDescription": "Cutting Start",
      "Leadtime": 26,
      "WashLT": 26,
      "Department": "Production"
    },
    {
      "MilestoneID": "Milestone13",
      "MilestonSeqNum": 12,
      "Customer": "Customer1",
      "Milestone": "CuttingEnd",
      "TaskDescription": "Cutting End",
      "Leadtime": 6,
      "WashLT": 6,
      "Department": "Production"
    },
    {
      "MilestoneID": "Milestone14",
      "MilestonSeqNum": 13,
      "Customer": "Customer1",
      "Milestone": "StichStart",
      "TaskDescription": "Sewing Start",
      "Leadtime": 23,
      "WashLT": 23,
      "Department": "Production"
    },
    {
      "MilestoneID": "Milestone15",
      "MilestonSeqNum": 14,
      "Customer": "Customer1",
      "Milestone": "StichEnd",
      "TaskDescription": "Sewing End",
      "Leadtime": 5,
      "WashLT": 5,
      "Department": "Production"
    },
    {
      "MilestoneID": "Milestone16",
      "MilestonSeqNum": 15,
      "Customer": "Customer1",
      "Milestone": "PkngStart",
      "TaskDescription": "Packing Start",
      "Leadtime": 22,
      "WashLT": 22,
      "Department": "Production"
    },
    {
      "MilestoneID": "Milestone17",
      "MilestonSeqNum": 16,
      "Customer": "Customer1",
      "Milestone": "PkngEnd",
      "TaskDescription": "Packing End",
      "Leadtime": 4,
      "WashLT": 4,
      "Department": "Production"
    },
    {
      "MilestoneID": "Milestone18",
      "MilestonSeqNum": 17,
      "Customer": "Customer1",
      "Milestone": "Inspection",
      "TaskDescription": "Final Inspection",
      "Leadtime": 3,
      "WashLT": 3,
      "Department": "Quality"
    },
    {
      "MilestoneID": "Milestone2",
      "MilestonSeqNum": 1,
      "Customer": "Customer1",
      "Milestone": "Ord Rcvd",
      "TaskDescription": "Order Reciept",
      "Leadtime": 92,
      "WashLT": 92,
      "Department": "Merchandiser"
    },
    {
      "MilestoneID": "Milestone3",
      "MilestonSeqNum": 2,
      "Customer": "Customer1",
      "Milestone": "Bom Gen",
      "TaskDescription": "BOM Generation",
      "Leadtime": 89,
      "WashLT": 89,
      "Department": "Merchandiser"
    },
    {
      "MilestoneID": "Milestone4",
      "MilestonSeqNum": 3,
      "Customer": "Customer1",
      "Milestone": "SizeSet App",
      "TaskDescription": "Size Set Approval",
      "Leadtime": 84,
      "WashLT": 84,
      "Department": "Sampling"
    },
    {
      "MilestoneID": "Milestone5",
      "MilestonSeqNum": 4,
      "Customer": "Customer1",
      "Milestone": "PP Smpl Cmp",
      "TaskDescription": "PP Sample Completion",
      "Leadtime": 80,
      "WashLT": 80,
      "Department": "Sampling"
    },
    {
      "MilestoneID": "Milestone6",
      "MilestonSeqNum": 5,
      "Customer": "Customer1",
      "Milestone": "PP Smpl App",
      "TaskDescription": "PP Sample Approval",
      "Leadtime": 74,
      "WashLT": 74,
      "Department": "Sampling"
    },
    {
      "MilestoneID": "Milestone7",
      "MilestonSeqNum": 6,
      "Customer": "Customer1",
      "Milestone": "Fab Ord",
      "TaskDescription": "Order Fabric",
      "Leadtime": 64,
      "WashLT": 64,
      "Department": "Fabric"
    },
    {
      "MilestoneID": "Milestone8",
      "MilestonSeqNum": 7,
      "Customer": "Customer1",
      "Milestone": "Trims Ord",
      "TaskDescription": "Order Trims and Accessories",
      "Leadtime": 60,
      "WashLT": 60,
      "Department": "Fabric"
    },
    {
      "MilestoneID": "Milestone9",
      "MilestonSeqNum": 8,
      "Customer": "Customer1",
      "Milestone": "Fab Rcvd",
      "TaskDescription": "Fabric Reciept",
      "Leadtime": 38,
      "WashLT": 38,
      "Department": "Fabric"
    }
  ],
  "taskTracking": [
    {
      "ID": "Customer2-BYR-STL-104-CuttingEnd",
      "OrderNo": "BYR-STL-104",
      "Customer": "Customer2",
      "OrderQty": 50909,
      "ExFacDate": "2025-03-11",
      "Milestone": "CuttingEnd",
      "MilestonSeqNum": 12,
      "TaskDescription": "Cutting End",
      "Leadtime": 6,
      "CalculatedDate": "2025-03-05",
      "ApprovedDate": "2025-03-05",
      "MilestoneDate": "2025-03-05",
      "Department": "Production",
      "Status": "Pending",
      "StatusCode": "",
      "DelayDays": 0,
      "DelayReason": "",
      "Createdate": "2025-03-10",
      "Owner": "pooja@gmail.com",
      "Stage": "",
      "ApprLeadTime": 6,
      "ApprDate": "2025-03-10"
    },
    {
      "ID": "Customer2-BYR-STL-104-Ex-Factry",
      "OrderNo": "BYR-STL-104",
      "Customer": "Customer2",
      "OrderQty": 50909,
      "ExFacDate": "2025-03-11",
      "Milestone": "Ex-Factry",
      "MilestonSeqNum": 0,
      "TaskDescription": "Ex Factory",
      "Leadtime": 0,
      "CalculatedDate": "2025-03-11",
      "ApprovedDate": "2025-03-11",
      "MilestoneDate": "2025-03-11",
      "Department": "Merchandiser",
      "Status": "Pending",
      "StatusCode": "",
      "DelayDays": 0,
      "DelayReason": "",
      "Createdate": "2025-03-10",
      "Owner": "pooja@gmail.com",
      "Stage": "",
      "ApprLeadTime": 0,
      "ApprDate": "2025-03-10"
    },
    {
      "ID": "Customer2-BYR-STL-104-Fab Ord",
      "OrderNo": "BYR-STL-104",
      "Customer": "Customer2",
      "OrderQty": 50909,
      "ExFacDate": "2025-03-11",
      "Milestone": "Fab Ord",
      "MilestonSeqNum": 6,
      "TaskDescription": "Order Fabric",
      "Leadtime": 64,
      "CalculatedDate": "2025-01-06",
      "ApprovedDate": "2025-01-06",
      "MilestoneDate": "2025-01-06",
      "Department": "Fabric",
      "Status": "Pending",
      "StatusCode": "",
      "DelayDays": 0,
      "DelayReason": "",
      "Createdate": "2025-03-10",
      "Owner": "pooja@gmail.com",
      "Stage": "",
      "ApprLeadTime": 64,
      "ApprDate": "2025-03-10"
    },
    {
      "ID": "Customer2-BYR-STL-104-Fab Rcvd",
      "OrderNo": "BYR-STL-104",
      "Customer": "Customer2",
      "OrderQty": 50909,
      "ExFacDate": "2025-03-11",
      "Milestone": "Fab Rcvd",
      "MilestonSeqNum": 8,
      "TaskDescription": "Fabric Reciept",
      "Leadtime": 38,
      "CalculatedDate": "2025-02-01",
      "ApprovedDate": "2025-02-01",
      "MilestoneDate": "2025-02-01",
      "Department": "Fabric",
      "Status": "Pending",
      "StatusCode": "",
      "DelayDays": 0,
      "DelayReason": "",
      "Createdate": "2025-03-10",
      "Owner": "pooja@gmail.com",
      "Stage": "",
      "ApprLeadTime": 38,
      "ApprDate": "2025-03-10"
    },
    {
      "ID": "Customer2-BYR-STL-104-Inspection",
      "OrderNo": "BYR-STL-104",
      "Customer": "Customer2",
      "OrderQty": 50909,
      "ExFacDate": "2025-03-11",
      "Milestone": "Inspection",
      "MilestonSeqNum": 17,
      "TaskDescription": "Final Inspection",
      "Leadtime": 3,
      "CalculatedDate": "2025-03-08",
      "ApprovedDate": "2025-03-08",
      "MilestoneDate": "2025-03-08",
      "Department": "Quality",
      "Status": "Pending",
      "StatusCode": "",
      "DelayDays": 0,
      "DelayReason": "",
      "Createdate": "2025-03-10",
      "Owner": "pooja@gmail.com",
      "Stage": "",
      "ApprLeadTime": 3,
      "ApprDate": "2025-03-10"
    },
    {
      "ID": "Customer2-BYR-STL-104-Ord Rcvd",
      "OrderNo": "BYR-STL-104",
      "Customer": "Customer2",
      "OrderQty": 50909,
      "ExFacDate": "2025-03-11",
      "Milestone": "Ord Rcvd",
      "MilestonSeqNum": 1,
      "TaskDescription": "Order Reciept",
      "Leadtime": 92,
      "CalculatedDate": "2024-12-09",
      "ApprovedDate": "2024-12-09",
      "MilestoneDate": "2024-12-09",
      "Department": "Merchandiser",
      "Status": "Pending",
      "StatusCode": "",
      "DelayDays": 0,
      "DelayReason": "",
      "Createdate": "2025-03-10",
      "Owner": "pooja@gmail.com",
      "Stage": "",
      "ApprLeadTime": 92,
      "ApprDate": "2025-03-10"
    },
    {
      "ID": "Customer2-BYR-STL-104-PkngEnd",
      "OrderNo": "BYR-STL-104",
      "Customer": "Customer2",
      "OrderQty": 50909,
      "ExFacDate": "2025-03-11",
      "Milestone": "PkngEnd",
      "MilestonSeqNum": 16,
      "TaskDescription": "Packing End",
      "Leadtime": 4,
      "CalculatedDate": "2025-03-07",
      "ApprovedDate": "2025-03-07",
      "MilestoneDate": "2025-03-07",
      "Department": "Production",
      "Status": "Pending",
      "StatusCode": "",
      "DelayDays": 0,
      "DelayReason": "",
      "Createdate": "2025-03-10",
      "Owner": "pooja@gmail.com",
      "Stage": "",
      "ApprLeadTime": 4,
      "ApprDate": "2025-03-10"
    },
    {
      "ID": "Customer2-BYR-STL-104-PkngStart",
      "OrderNo": "BYR-STL-104",
      "Customer": "Customer2",
      "OrderQty": 50909,
      "ExFacDate": "2025-03-11",
      "Milestone": "PkngStart",
      "MilestonSeqNum": 15,
      "TaskDescription": "Packing Start",
      "Leadtime": 22,
      "CalculatedDate": "2025-02-17",
      "ApprovedDate": "2025-02-17",
      "MilestoneDate": "2025-02-17",
      "Department": "Production",
      "Status": "Pending",
      "StatusCode": "",
      "DelayDays": 0,
      "DelayReason": "",
      "Createdate": "2025-03-10",
      "Owner": "pooja@gmail.com",
      "Stage": "",
      "ApprLeadTime": 22,
      "ApprDate": "2025-03-10"
    },
    {
      "ID": "Customer2-BYR-STL-104-PP Mtg",
      "OrderNo": "BYR-STL-104",
      "Customer": "Customer2",
      "OrderQty": 50909,
      "ExFacDate": "2025-03-11",
      "Milestone": "PP Mtg",
      "MilestonSeqNum": 10,
      "TaskDescription": "PP Meeting",
      "Leadtime": 30,
      "CalculatedDate": "2025-02-09",
      "ApprovedDate": "2025-02-09",
      "MilestoneDate": "2025-02-09",
      "Department": "Merchandiser",
      "Status": "Pending",
      "StatusCode": "",
      "DelayDays": 0,
      "DelayReason": "",
      "Createdate": "2025-03-10",
      "Owner": "pooja@gmail.com",
      "Stage": "",
      "ApprLeadTime": 30,
      "ApprDate": "2025-03-10"
    },
    {
      "ID": "Customer2-BYR-STL-104-PP Smpl App",
      "OrderNo": "BYR-STL-104",
      "Customer": "Customer2",
      "OrderQty": 50909,
      "ExFacDate": "2025-03-11",
      "Milestone": "PP Smpl App",
      "MilestonSeqNum": 5,
      "TaskDescription": "PP Sample Approval",
      "Leadtime": 74,
      "CalculatedDate": "2024-12-27",
      "ApprovedDate": "2024-12-27",
      "MilestoneDate": "2024-12-27",
      "Department": "Sampling",
      "Status": "Pending",
      "StatusCode": "",
      "DelayDays": 0,
      "DelayReason": "",
      "Createdate": "2025-03-10",
      "Owner": "pooja@gmail.com",
      "Stage": "",
      "ApprLeadTime": 74,
      "ApprDate": "2025-03-10"
    },
    {
      "ID": "Customer2-BYR-STL-104-PP Smpl Cmp",
      "OrderNo": "BYR-STL-104",
      "Customer": "Customer2",
      "OrderQty": 50909,
      "ExFacDate": "2025-03-11",
      "Milestone": "PP Smpl Cmp",
      "MilestonSeqNum": 4,
      "TaskDescription": "PP Sample Completion",
      "Leadtime": 80,
      "CalculatedDate": "2024-12-21",
      "ApprovedDate": "2024-12-21",
      "MilestoneDate": "2024-12-21",
      "Department": "Sampling",
      "Status": "Pending",
      "StatusCode": "",
      "DelayDays": 0,
      "DelayReason": "",
      "Createdate": "2025-03-10",
      "Owner": "pooja@gmail.com",
      "Stage": "",
      "ApprLeadTime": 80,
      "ApprDate": "2025-03-10"
    },
    {
      "ID": "Customer2-BYR-STL-104-SizeSet App",
      "OrderNo": "BYR-STL-104",
      "Customer": "Customer2",
      "OrderQty": 50909,
      "ExFacDate": "2025-03-11",
      "Milestone": "SizeSet App",
      "MilestonSeqNum": 3,
      "TaskDescription": "Size Set Approval",
      "Leadtime": 84,
      "CalculatedDate": "2024-12-17",
      "ApprovedDate": "2024-12-17",
      "MilestoneDate": "2024-12-17",
      "Department": "Sampling",
      "Status": "Pending",
      "StatusCode": "",
      "DelayDays": 0,
      "DelayReason": "",
      "Createdate": "2025-03-10",
      "Owner": "pooja@gmail.com",
      "Stage": "",
      "ApprLeadTime": 84,
      "ApprDate": "2025-03-10"
    },
    {
      "ID": "Customer2-BYR-STL-104-StichEnd",
      "OrderNo": "BYR-STL-104",
      "Customer": "Customer2",
      "OrderQty": 50909,
      "ExFacDate": "2025-03-11",
      "Milestone": "StichEnd",
      "MilestonSeqNum": 14,
      "TaskDescription": "Sewing End",
      "Leadtime": 5,
      "CalculatedDate": "2025-03-06",
      "ApprovedDate": "2025-03-06",
      "MilestoneDate": "2025-03-06",
      "Department": "Production",
      "Status": "Pending",
      "StatusCode": "",
      "DelayDays": 0,
      "DelayReason": "",
      "Createdate": "2025-03-10",
      "Owner": "pooja@gmail.com",
      "Stage": "",
      "ApprLeadTime": 5,
      "ApprDate": "2025-03-10"
    },
    {
      "ID": "Customer2-BYR-STL-104-StichStart",
      "OrderNo": "BYR-STL-104",
      "Customer": "Customer2",
      "OrderQty": 50909,
      "ExFacDate": "2025-03-11",
      "Milestone": "StichStart",
      "MilestonSeqNum": 13,
      "TaskDescription": "Sewing Start",
      "Leadtime": 23,
      "CalculatedDate": "2025-02-16",
      "ApprovedDate": "2025-02-16",
      "MilestoneDate": "2025-02-16",
      "Department": "Production",
      "Status": "Pending",
      "StatusCode": "",
      "DelayDays": 0,
      "DelayReason": "",
      "Createdate": "2025-03-10",
      "Owner": "pooja@gmail.com",
      "Stage": "",
      "ApprLeadTime": 23,
      "ApprDate": "2025-03-10"
    },
    {
      "ID": "Customer2-BYR-STL-104-Trims Ord",
      "OrderNo": "BYR-STL-104",
      "Customer": "Customer2",
      "OrderQty": 50909,
      "ExFacDate": "2025-03-11",
      "Milestone": "Trims Ord",
      "MilestonSeqNum": 7,
      "TaskDescription": "Order Trims and Accessories",
      "Leadtime": 60,
      "CalculatedDate": "2025-01-10",
      "ApprovedDate": "2025-01-10",
      "MilestoneDate": "2025-01-10",
      "Department": "Fabric",
      "Status": "Pending",
      "StatusCode": "",
      "DelayDays": 0,
      "DelayReason": "",
      "Createdate": "2025-03-10",
      "Owner": "pooja@gmail.com",
      "Stage": "",
      "ApprLeadTime": 60,
      "ApprDate": "2025-03-10"
    },
    {
      "ID": "Customer2-BYR-STL-104-Trims Rcvd",
      "OrderNo": "BYR-STL-104",
      "Customer": "Customer2",
      "OrderQty": 50909,
      "ExFacDate": "2025-03-11",
      "Milestone": "Trims Rcvd",
      "MilestonSeqNum": 9,
      "TaskDescription": "Trims and Accessories Reciept",
      "Leadtime": 34,
      "CalculatedDate": "2025-02-05",
      "ApprovedDate": "2025-02-05",
      "MilestoneDate": "2025-02-05",
      "Department": "Fabric",
      "Status": "Pending",
      "StatusCode": "",
      "DelayDays": 0,
      "DelayReason": "",
      "Createdate": "2025-03-10",
      "Owner": "pooja@gmail.com",
      "Stage": "",
      "ApprLeadTime": 34,
      "ApprDate": "2025-03-10"
    }
  ],
  "users": [
    {
      "user_id": "03c69e02-c147-11ef-a0e4-3cf011303f6c",
      "googleId": "116789627167225069599",
      "displayName": "Pooja",
      "email": "poojaandoor8@gmail.com",
      "profilePic": "https://lh3.googleusercontent.com/a/ACg8ocL8aamViRcP9DIS8qOAAUZ35--un-vbxtytNyR6XMRs7aw04g=s96-c",
      "createdAt": "2024-12-23T21:30:22.000Z",
      "updatedAt": "2024-12-23T21:30:22.000Z"
    },
    {
      "user_id": "03c69e02-c147-11ef-a0e4-3cf011303f5d",
      "googleId": "116789627167225069598",
      "displayName": "Andoor",
      "email": "andoor@gmail.com",
      "profilePic": "https://lh3.googleusercontent.com/a/ACg8ocL8aamViRcP9DIS8qOAAUZ35--un-vbxtytNyR6XMRs7aw04g=s96-c",
      "createdAt": "2024-12-23T21:30:22.000Z",
      "updatedAt": "2024-12-23T21:30:22.000Z"
    },
    {
      "user_id": "f596e9ca-13b8-427c-8536-75f703bd9576",
      "googleId": "104919408326275752075",
      "displayName": "Syed Sulthan",
      "email": "syedskipper@gmail.com",
      "profilePic": "https://lh3.googleusercontent.com/a/ACg8ocJsNOcUBxXQTD6mIQqaSAP_4K4vGUo2dlEzXNrq4DWSeZclTg=s96-c",
      "createdAt": "2025-01-02T11:23:07.000Z",
      "updatedAt": "2025-01-02T11:23:07.000Z"
    }
  ]
}